{
    "svm": {
        "mse": 0.041571251061738396,
        "rmse": 0.20389029172998502,
        "mae": 0.15165126158563447,
        "r2": 0.5624217470058317
    },
    "decision_tree": {
        "mse": 0.06685991379310346,
        "rmse": 0.2585728404011208,
        "mae": 0.20905172413793108,
        "r2": 0.29623373062606373
    },
    "random_forest": {
        "mse": 0.063389226637931,
        "rmse": 0.25177217208804276,
        "mae": 0.20093793103448268,
        "r2": 0.3327661222010543
    },
    "gradient_boosting": {
        "mse": 0.047187580583800806,
        "rmse": 0.2172270254452719,
        "mae": 0.1812978926643937,
        "r2": 0.5033043618481459
    },
    "adaboost": {
        "mse": 0.05640339472702452,
        "rmse": 0.23749398882292688,
        "mae": 0.1979942971062274,
        "r2": 0.40629886526778514
    },
    "neural_network": {
        "mse": 0.1391867141496658,
        "rmse": 0.3730773567903389,
        "mae": 0.32972404843276176,
        "r2": -0.46507688996797225
    }
}